CREATE TABLE `platziblog`.`people` (
    `person_id` INT NOT NULL AUTO_INCREMENT,
    `last_name` VARCHAR(255) NULL,
    `first_name` VARCHAR(255) NULL,
    `address` VARCHAR(255) NULL,
    `city` VARCHAR(255) NULL,
PRIMARY KEY (`person_id`));

INSERT INTO `platziblog`.`people` (`person_id`, `last_name`, `first_name`, `address`, `city`) 
VALUES ('1', 'Vásquez', 'Israel', 'Calle Famosa Num 1', 'México'),
       ('2', 'Hernández', 'Mónica', 'Reforma 222', 'México'),
       ('3', 'Alanis', 'Edgar', 'Central 1', 'Monterrey');

USE `platziblog`;
CREATE  OR REPLACE VIEW `new_view` AS
SELECT * FROM platziblog.people;

ALTER TABLE `Platziblog`.`people` 
ADD COLUMN `date_of_birth` DATETIME NULL AFTER `city`;

ALTER TABLE `platziblog`.`people` 
DROP COLUMN `date_of_birth`;

DROP TABLE `platziblog`.`people`;
DROP DATABASE `platziblog`;

INSERT INTO `platziblog`.`people` (`last_name`, `first_name`, `address`) 
VALUES ('Hernández', 'Laura', 'Calle 12');

UPDATE `platziblog`.`people` SET `last_name` = 'Chavez', `city` = 'Mérida' WHERE (`person_id` = '1');

DELETE FROM `platziblog`.`people` WHERE (`person_id` = '1');

SELECT first_name, last_name FROM people;

create TABLE people (
person_id int,
last_name varchar(255),
first_name varchar(255),
address varchar(255),
city varchar(255)
);
INSERT INTO people (last_name, first_name, address, ciyt)
VALUES ("Hernandez", "Laura", "Calle Rio Blanco", "Macas");

SELECT first_name, last_name
FROM people;

/*creacion de base de datos PlatziBlog*/
create database PlatziBlog default character set utf8 ;

/*linia para utilizar PlatziBlog*/
use PlatziBlog;

/*construccion de tablas independientes*/
create table categorias
(
id int not null auto_increment,
nom_categoria varchar(30) not null,
constraint primary key (id)
);

create table etiquetas
(
id int not null auto_increment,
nom_etiquetas varchar(30) not null,
constraint primary key (id)
);

create table usuarios 
(
id int not null auto_increment,
login varchar(30) not null,
pasword varchar(32) not null,
nickname varchar(40) not null,
email varchar(40) not null,
primary key (id),
unique key email_unique (email)
);

ALTER TABLE `PlatziBlog`.`posts` 
ADD INDEX `usuario_posts_fk_idx` (`usuario_id` ASC) VISIBLE;
;
ALTER TABLE `PlatziBlog`.`posts` 
ADD CONSTRAINT `usuario_posts_fk`
  FOREIGN KEY (`usuario_id`)
  REFERENCES `PlatziBlog`.`usuarios` (`id`)
  ON DELETE NO ACTION
  ON UPDATE NO ACTION;

ALTER TABLE `PlatziBlog`.`posts` 
ADD INDEX `categorias_posts_fk_idx` (`categoria_id` ASC) VISIBLE;
;
ALTER TABLE `PlatziBlog`.`posts` 
ADD CONSTRAINT `categorias_posts_fk`
  FOREIGN KEY (`categoria_id`)
  REFERENCES `PlatziBlog`.`categorias` (`id`)
  ON DELETE NO ACTION
  ON UPDATE NO ACTION;
  
CREATE TABLE comentarios 
(
comentarios_id int not null auto_increment,
comentario TEXT NOT NULL, 
usuarios_id INT NOT NULL,
posts_id INT NOT NULL,
constraint primary key (comentarios_id)
)
;
ALTER TABLE `PlatziBlog`.`comentarios` 
ADD CONSTRAINT `usuarios_comentario_fk`
  FOREIGN KEY (`usuarios_id`)
  REFERENCES `PlatziBlog`.`usuarios` (`id`)
  ON DELETE NO ACTION
  ON UPDATE NO ACTION
;
ALTER TABLE `PlatziBlog`.`comentarios` 
ADD CONSTRAINT `posts_comentario_fk`
  FOREIGN KEY (`posts_id`)
  REFERENCES `PlatziBlog`.`posts` (`id`)
  ON DELETE NO ACTION
  ON UPDATE NO ACTION;
  
CREATE TABLE posts_etiquetas
(
posts_etiquetas_id int not null auto_increment,
posts_id INT NOT NULL,
etiquetas_id INT NOT NULL,
constraint primary key (posts_etiquetas_id)
    )
;
ALTER TABLE `PlatziBlog`.`posts_etiquetas` 
ADD CONSTRAINT `posts_etiquetas_posts_fk`
FOREIGN KEY (`posts_id`)
REFERENCES `PlatziBlog`.`posts` (`id`)
ON UPDATE CASCADE
ON DELETE NO ACTION;
;
ALTER TABLE `PlatziBlog`.`posts_etiquetas` 
ADD CONSTRAINT `posts_etiquetas_etiquetas_fk`
FOREIGN KEY (`etiquetas_id`)
REFERENCES `PlatziBlog`.`etiquetas` (`id`)
ON UPDATE CASCADE
ON DELETE NO ACTION;

CREATE SCHEMA `platziblog` default character SET utf8;

CREATE TABLE `platziblog`.`categorias`(
	`id` INT NOT NULL auto_increment,
    `nombre_categoria` varchar(30) NOT NULL,
primary key (`id`));

CREATE TABLE `platziblog`.`etiquetas`(
	`id`INT NOT NULL auto_increment,
    `nombre_etiqueta`varchar(30) NOT NULL,
primary key (`id`));

CREATE TABLE `platziblog`.`usuarios`(
	`id` INT NOT NULL auto_increment,
    `login` varchar(30) NOT NULL,
    `password` varchar(32) NOT NULL,
    `nickname` varchar(40) NOT NULL,
    `email` varchar(40) NOT NULL,
primary key (`id`),
UNIQUE INDEX (`email` ASC));

CREATE TABLE `platziblog`.`posts`(
	`id` INT NOT NULL auto_increment,
    `titulo` varchar(130) NOT NULL,
    `fecha_publicacion` timestamp null,
    `contenido` TEXT NOT NULL,
    `estatus` char(8) NULL default 'activo',
    `usuario_id` INT NULL,
	`categoria_id` INT NULL,
primary key (`id`));

CREATE TABLE `platziblog`.`comentarios`(
	`id` INT NOT NULL auto_increment,
    `cuerpo_comentario` TEXT NOT NULL,
    `usuario_id` INT NOT NULL,
    `post_id` INT NOT NULL,
primary key (`id`));

ALTER TABLE `platziblog`.`posts`
ADD INDEX `posts_usuarios_idx` (`usuario_id` ASC);
;
ALTER TABLE `platziblog`.`posts` 
ADD constraint `posts_usuarios`
	foreign key (`usuario_id`)
	references `platziblog`.`usuarios` (`id`)
    ON DELETE NO ACTION
    ON UPDATE cascade;

ALTER TABLE `platziblog`.`posts`
ADD INDEX `posts_categorias_idx` (`categoria_id` ASC);
;
ALTER TABLE `platziblog`.`posts` 
ADD constraint `posts_categorias`
	foreign key (`categoria_id`)
	references `platziblog`.`categorias` (`id`)
    ON DELETE NO ACTION
    ON UPDATE no action;

ALTER TABLE `platziblog`.`comentarios`
ADD INDEX `comentarios_usuario_idx` (`usuario_id` ASC);
;
ALTER TABLE `platziblog`.`comentarios` 
ADD constraint `comentarios_usuario`
	foreign key (`usuario_id`)
	references `platziblog`.`usuarios` (`id`)
    ON DELETE NO ACTION
    ON UPDATE no action;

ALTER TABLE `platziblog`.`comentarios`
ADD INDEX `comentarios_post_idx` (`post_id` ASC);
;
ALTER TABLE `platziblog`.`comentarios` 
ADD constraint `comentarios_post`
	foreign key (`post_id`)
	references `platziblog`.`posts` (`id`)
    ON DELETE NO ACTION
    ON UPDATE no action;

CREATE TABLE `platziblog`.`posts_etiquetas`(
	`id` INT NOT NULL auto_increment,
    `post_id` INT NOT NULL,
	`etiqueta_id` INT NOT NULL,
primary key (`id`));

ALTER TABLE `platziblog`.`posts_etiquetas`
ADD INDEX `postsetiquetas_post_idx` (`post_id` ASC);
;
ALTER TABLE `platziblog`.`posts_etiquetas` 
ADD constraint `postsetiquetas_post`
	foreign key (`post_id`)
	references `platziblog`.`posts` (`id`)
    ON DELETE NO ACTION
    ON UPDATE no action;

ALTER TABLE `platziblog`.`posts_etiquetas`
ADD INDEX `postsetiquetas_etiquetas_idx` (`etiqueta_id` ASC);
;
ALTER TABLE `platziblog`.`posts_etiquetas` 
ADD constraint `postsetiquetas_etiquetas`
	foreign key (`etiqueta_id`)
	references `platziblog`.`etiquetas` (`id`)
    ON DELETE NO ACTION
    ON UPDATE no action;

USE platziblog;

-- Datos de prueba

-- Usuarios
INSERT INTO `usuarios` (`id`,`login`,`password`,`nickname`,`email`) VALUES (1,'israel','jc8209*(^GCHN_(hcLA','Israel','israel@platziblog.com');
INSERT INTO `usuarios` (`id`,`login`,`password`,`nickname`,`email`) VALUES (2,'monica','(*&^LKJDHC_(*#YDLKJHODG','Moni','monica@platziblog.com');
INSERT INTO `usuarios` (`id`,`login`,`password`,`nickname`,`email`) VALUES (3,'laura','LKDJ)_*(-c.M:\"[pOwHDˆåßƒ∂','Lau','laura@platziblog.com');
INSERT INTO `usuarios` (`id`,`login`,`password`,`nickname`,`email`) VALUES (4,'edgar','LLiy)CX*Y:M<A<SC_(*N>O','Ed','edgar@platziblog.com');
INSERT INTO `usuarios` (`id`,`login`,`password`,`nickname`,`email`) VALUES (5,'perezoso','&N_*JS)_Y)*(&TGOKS','Oso Pérez','perezoso@platziblog.com');

-- Categorías
INSERT INTO `categorias` (`id`,`nombre_categoria`) VALUES (1,'Ciencia');
INSERT INTO `categorias` (`id`,`nombre_categoria`) VALUES (2,'Tecnología');
INSERT INTO `categorias` (`id`,`nombre_categoria`) VALUES (3,'Deportes');
INSERT INTO `categorias` (`id`,`nombre_categoria`) VALUES (4,'Espectáculos');
INSERT INTO `categorias` (`id`,`nombre_categoria`) VALUES (5,'Economía');

-- Etiquetas
INSERT INTO `etiquetas` (`id`,`nombre_etiqueta`) VALUES (1,'Robótica');
INSERT INTO `etiquetas` (`id`,`nombre_etiqueta`) VALUES (2,'Computación');
INSERT INTO `etiquetas` (`id`,`nombre_etiqueta`) VALUES (3,'Teléfonos Móviles');
INSERT INTO `etiquetas` (`id`,`nombre_etiqueta`) VALUES (4,'Automovilismo');
INSERT INTO `etiquetas` (`id`,`nombre_etiqueta`) VALUES (5,'Campeonatos');
INSERT INTO `etiquetas` (`id`,`nombre_etiqueta`) VALUES (6,'Equipos');
INSERT INTO `etiquetas` (`id`,`nombre_etiqueta`) VALUES (7,'Bolsa de valores');
INSERT INTO `etiquetas` (`id`,`nombre_etiqueta`) VALUES (8,'Inversiones');
INSERT INTO `etiquetas` (`id`,`nombre_etiqueta`) VALUES (9,'Brokers');
INSERT INTO `etiquetas` (`id`,`nombre_etiqueta`) VALUES (10,'Celebridades');
INSERT INTO `etiquetas` (`id`,`nombre_etiqueta`) VALUES (11,'Eventos');
INSERT INTO `etiquetas` (`id`,`nombre_etiqueta`) VALUES (12,'Moda');
INSERT INTO `etiquetas` (`id`,`nombre_etiqueta`) VALUES (13,'Avances');
INSERT INTO `etiquetas` (`id`,`nombre_etiqueta`) VALUES (14,'Nobel');
INSERT INTO `etiquetas` (`id`,`nombre_etiqueta`) VALUES (15,'Matemáticas');
INSERT INTO `etiquetas` (`id`,`nombre_etiqueta`) VALUES (16,'Química');
INSERT INTO `etiquetas` (`id`,`nombre_etiqueta`) VALUES (17,'Física');
INSERT INTO `etiquetas` (`id`,`nombre_etiqueta`) VALUES (18,'Largo plazo');
INSERT INTO `etiquetas` (`id`,`nombre_etiqueta`) VALUES (19,'Bienes Raíces');
INSERT INTO `etiquetas` (`id`,`nombre_etiqueta`) VALUES (20,'Estilo');

-- Posts
INSERT INTO `posts` (`id`,`titulo`,`fecha_publicacion`,`contenido`,`estatus`,`usuario_id`,`categoria_id`) VALUES (43,'Se presenta el nuevo teléfono móvil en evento','2030-04-05 00:00:00','Phasellus laoreet eros nec vestibulum varius. Nunc id efficitur lacus, non imperdiet quam. Aliquam porta, tellus at porta semper, felis velit congue mauris, eu pharetra felis sem vitae tortor. Curabitur bibendum vehicula dolor, nec accumsan tortor ultrices ac. Vivamus nec tristique orci. Nullam fringilla eros magna, vitae imperdiet nisl mattis et. Ut quis malesuada felis. Proin at dictum eros, eget sodales libero. Sed egestas tristique nisi et tempor. Ut cursus sapien eu pellentesque posuere. Etiam eleifend varius cursus.\n\nNullam viverra quam porta orci efficitur imperdiet. Quisque magna erat, dignissim nec velit sit amet, hendrerit mollis mauris. Mauris sapien magna, consectetur et vulputate a, iaculis eget nisi. Nunc est diam, aliquam quis turpis ac, porta mattis neque. Quisque consequat dolor sit amet velit commodo sagittis. Donec commodo pulvinar odio, ut gravida velit pellentesque vitae. Class aptent taciti sociosqu ad litora torquent per conubia nostra, per inceptos himenaeos.\n\nMorbi vulputate ante quis elit pretium, ut blandit felis aliquet. Aenean a massa a leo tristique malesuada. Curabitur posuere, elit sed consectetur blandit, massa mauris tristique ante, in faucibus elit justo quis nisi. Ut viverra est et arcu egestas fringilla. Mauris condimentum, lorem id viverra placerat, libero lacus ultricies est, id volutpat metus sapien non justo. Nulla facilisis, sapien ut vehicula tristique, mauris lectus porta massa, sit amet malesuada dolor justo id lectus. Suspendisse sit amet tempor ligula. Nam sit amet nisl non magna lacinia finibus eget nec augue. Aliquam ornare cursus dapibus. Lorem ipsum dolor sit amet, consectetur adipiscing elit.\n\nDonec ornare sem eget massa pharetra rhoncus. Donec tempor sapien at posuere porttitor. Morbi sodales efficitur felis eu scelerisque. Quisque ultrices nunc ut dignissim vehicula. Donec id imperdiet orci, sed porttitor turpis. Etiam volutpat elit sed justo lobortis, tincidunt imperdiet velit pretium. Ut convallis elit sapien, ac egestas ipsum finibus a. Morbi sed odio et dui tincidunt rhoncus tempor id turpis.\n\nProin fringilla consequat imperdiet. Ut accumsan velit ac augue sollicitudin porta. Phasellus finibus porttitor felis, a feugiat purus tempus vel. Etiam vitae vehicula ex. Praesent ut tellus tellus. Fusce felis nunc, congue ac leo in, elementum vulputate nisi. Duis diam nulla, consequat ac mauris quis, viverra gravida urna.','activo',1,2);
INSERT INTO `posts` (`id`,`titulo`,`fecha_publicacion`,`contenido`,`estatus`,`usuario_id`,`categoria_id`) VALUES (44,'Tenemos un nuevo auto inteligente','2025-05-04 00:00:00','Phasellus laoreet eros nec vestibulum varius. Nunc id efficitur lacus, non imperdiet quam. Aliquam porta, tellus at porta semper, felis velit congue mauris, eu pharetra felis sem vitae tortor. Curabitur bibendum vehicula dolor, nec accumsan tortor ultrices ac. Vivamus nec tristique orci. Nullam fringilla eros magna, vitae imperdiet nisl mattis et. Ut quis malesuada felis. Proin at dictum eros, eget sodales libero. Sed egestas tristique nisi et tempor. Ut cursus sapien eu pellentesque posuere. Etiam eleifend varius cursus.\n\nNullam viverra quam porta orci efficitur imperdiet. Quisque magna erat, dignissim nec velit sit amet, hendrerit mollis mauris. Mauris sapien magna, consectetur et vulputate a, iaculis eget nisi. Nunc est diam, aliquam quis turpis ac, porta mattis neque. Quisque consequat dolor sit amet velit commodo sagittis. Donec commodo pulvinar odio, ut gravida velit pellentesque vitae. Class aptent taciti sociosqu ad litora torquent per conubia nostra, per inceptos himenaeos.\n\nMorbi vulputate ante quis elit pretium, ut blandit felis aliquet. Aenean a massa a leo tristique malesuada. Curabitur posuere, elit sed consectetur blandit, massa mauris tristique ante, in faucibus elit justo quis nisi. Ut viverra est et arcu egestas fringilla. Mauris condimentum, lorem id viverra placerat, libero lacus ultricies est, id volutpat metus sapien non justo. Nulla facilisis, sapien ut vehicula tristique, mauris lectus porta massa, sit amet malesuada dolor justo id lectus. Suspendisse sit amet tempor ligula. Nam sit amet nisl non magna lacinia finibus eget nec augue. Aliquam ornare cursus dapibus. Lorem ipsum dolor sit amet, consectetur adipiscing elit.\n\nDonec ornare sem eget massa pharetra rhoncus. Donec tempor sapien at posuere porttitor. Morbi sodales efficitur felis eu scelerisque. Quisque ultrices nunc ut dignissim vehicula. Donec id imperdiet orci, sed porttitor turpis. Etiam volutpat elit sed justo lobortis, tincidunt imperdiet velit pretium. Ut convallis elit sapien, ac egestas ipsum finibus a. Morbi sed odio et dui tincidunt rhoncus tempor id turpis.\n\nProin fringilla consequat imperdiet. Ut accumsan velit ac augue sollicitudin porta. Phasellus finibus porttitor felis, a feugiat purus tempus vel. Etiam vitae vehicula ex. Praesent ut tellus tellus. Fusce felis nunc, congue ac leo in, elementum vulputate nisi. Duis diam nulla, consequat ac mauris quis, viverra gravida urna.','activo',2,2);
INSERT INTO `posts` (`id`,`titulo`,`fecha_publicacion`,`contenido`,`estatus`,`usuario_id`,`categoria_id`) VALUES (45,'Ganador del premio Nobel por trabajo en genética','2023-12-22 00:00:00','Phasellus laoreet eros nec vestibulum varius. Nunc id efficitur lacus, non imperdiet quam. Aliquam porta, tellus at porta semper, felis velit congue mauris, eu pharetra felis sem vitae tortor. Curabitur bibendum vehicula dolor, nec accumsan tortor ultrices ac. Vivamus nec tristique orci. Nullam fringilla eros magna, vitae imperdiet nisl mattis et. Ut quis malesuada felis. Proin at dictum eros, eget sodales libero. Sed egestas tristique nisi et tempor. Ut cursus sapien eu pellentesque posuere. Etiam eleifend varius cursus.\n\nNullam viverra quam porta orci efficitur imperdiet. Quisque magna erat, dignissim nec velit sit amet, hendrerit mollis mauris. Mauris sapien magna, consectetur et vulputate a, iaculis eget nisi. Nunc est diam, aliquam quis turpis ac, porta mattis neque. Quisque consequat dolor sit amet velit commodo sagittis. Donec commodo pulvinar odio, ut gravida velit pellentesque vitae. Class aptent taciti sociosqu ad litora torquent per conubia nostra, per inceptos himenaeos.\n\nMorbi vulputate ante quis elit pretium, ut blandit felis aliquet. Aenean a massa a leo tristique malesuada. Curabitur posuere, elit sed consectetur blandit, massa mauris tristique ante, in faucibus elit justo quis nisi. Ut viverra est et arcu egestas fringilla. Mauris condimentum, lorem id viverra placerat, libero lacus ultricies est, id volutpat metus sapien non justo. Nulla facilisis, sapien ut vehicula tristique, mauris lectus porta massa, sit amet malesuada dolor justo id lectus. Suspendisse sit amet tempor ligula. Nam sit amet nisl non magna lacinia finibus eget nec augue. Aliquam ornare cursus dapibus. Lorem ipsum dolor sit amet, consectetur adipiscing elit.\n\nDonec ornare sem eget massa pharetra rhoncus. Donec tempor sapien at posuere porttitor. Morbi sodales efficitur felis eu scelerisque. Quisque ultrices nunc ut dignissim vehicula. Donec id imperdiet orci, sed porttitor turpis. Etiam volutpat elit sed justo lobortis, tincidunt imperdiet velit pretium. Ut convallis elit sapien, ac egestas ipsum finibus a. Morbi sed odio et dui tincidunt rhoncus tempor id turpis.\n\nProin fringilla consequat imperdiet. Ut accumsan velit ac augue sollicitudin porta. Phasellus finibus porttitor felis, a feugiat purus tempus vel. Etiam vitae vehicula ex. Praesent ut tellus tellus. Fusce felis nunc, congue ac leo in, elementum vulputate nisi. Duis diam nulla, consequat ac mauris quis, viverra gravida urna.','activo',3,1);
INSERT INTO `posts` (`id`,`titulo`,`fecha_publicacion`,`contenido`,`estatus`,`usuario_id`,`categoria_id`) VALUES (46,'Los mejores vestidos en la alfombra roja','2021-12-22 00:00:00','Phasellus laoreet eros nec vestibulum varius. Nunc id efficitur lacus, non imperdiet quam. Aliquam porta, tellus at porta semper, felis velit congue mauris, eu pharetra felis sem vitae tortor. Curabitur bibendum vehicula dolor, nec accumsan tortor ultrices ac. Vivamus nec tristique orci. Nullam fringilla eros magna, vitae imperdiet nisl mattis et. Ut quis malesuada felis. Proin at dictum eros, eget sodales libero. Sed egestas tristique nisi et tempor. Ut cursus sapien eu pellentesque posuere. Etiam eleifend varius cursus.\n\nNullam viverra quam porta orci efficitur imperdiet. Quisque magna erat, dignissim nec velit sit amet, hendrerit mollis mauris. Mauris sapien magna, consectetur et vulputate a, iaculis eget nisi. Nunc est diam, aliquam quis turpis ac, porta mattis neque. Quisque consequat dolor sit amet velit commodo sagittis. Donec commodo pulvinar odio, ut gravida velit pellentesque vitae. Class aptent taciti sociosqu ad litora torquent per conubia nostra, per inceptos himenaeos.\n\nMorbi vulputate ante quis elit pretium, ut blandit felis aliquet. Aenean a massa a leo tristique malesuada. Curabitur posuere, elit sed consectetur blandit, massa mauris tristique ante, in faucibus elit justo quis nisi. Ut viverra est et arcu egestas fringilla. Mauris condimentum, lorem id viverra placerat, libero lacus ultricies est, id volutpat metus sapien non justo. Nulla facilisis, sapien ut vehicula tristique, mauris lectus porta massa, sit amet malesuada dolor justo id lectus. Suspendisse sit amet tempor ligula. Nam sit amet nisl non magna lacinia finibus eget nec augue. Aliquam ornare cursus dapibus. Lorem ipsum dolor sit amet, consectetur adipiscing elit.\n\nDonec ornare sem eget massa pharetra rhoncus. Donec tempor sapien at posuere porttitor. Morbi sodales efficitur felis eu scelerisque. Quisque ultrices nunc ut dignissim vehicula. Donec id imperdiet orci, sed porttitor turpis. Etiam volutpat elit sed justo lobortis, tincidunt imperdiet velit pretium. Ut convallis elit sapien, ac egestas ipsum finibus a. Morbi sed odio et dui tincidunt rhoncus tempor id turpis.\n\nProin fringilla consequat imperdiet. Ut accumsan velit ac augue sollicitudin porta. Phasellus finibus porttitor felis, a feugiat purus tempus vel. Etiam vitae vehicula ex. Praesent ut tellus tellus. Fusce felis nunc, congue ac leo in, elementum vulputate nisi. Duis diam nulla, consequat ac mauris quis, viverra gravida urna.','activo',4,4);
INSERT INTO `posts` (`id`,`titulo`,`fecha_publicacion`,`contenido`,`estatus`,`usuario_id`,`categoria_id`) VALUES (47,'Los paparatzi captan escándalo en cámara','2025-01-09 00:00:00','Phasellus laoreet eros nec vestibulum varius. Nunc id efficitur lacus, non imperdiet quam. Aliquam porta, tellus at porta semper, felis velit congue mauris, eu pharetra felis sem vitae tortor. Curabitur bibendum vehicula dolor, nec accumsan tortor ultrices ac. Vivamus nec tristique orci. Nullam fringilla eros magna, vitae imperdiet nisl mattis et. Ut quis malesuada felis. Proin at dictum eros, eget sodales libero. Sed egestas tristique nisi et tempor. Ut cursus sapien eu pellentesque posuere. Etiam eleifend varius cursus.\n\nNullam viverra quam porta orci efficitur imperdiet. Quisque magna erat, dignissim nec velit sit amet, hendrerit mollis mauris. Mauris sapien magna, consectetur et vulputate a, iaculis eget nisi. Nunc est diam, aliquam quis turpis ac, porta mattis neque. Quisque consequat dolor sit amet velit commodo sagittis. Donec commodo pulvinar odio, ut gravida velit pellentesque vitae. Class aptent taciti sociosqu ad litora torquent per conubia nostra, per inceptos himenaeos.\n\nMorbi vulputate ante quis elit pretium, ut blandit felis aliquet. Aenean a massa a leo tristique malesuada. Curabitur posuere, elit sed consectetur blandit, massa mauris tristique ante, in faucibus elit justo quis nisi. Ut viverra est et arcu egestas fringilla. Mauris condimentum, lorem id viverra placerat, libero lacus ultricies est, id volutpat metus sapien non justo. Nulla facilisis, sapien ut vehicula tristique, mauris lectus porta massa, sit amet malesuada dolor justo id lectus. Suspendisse sit amet tempor ligula. Nam sit amet nisl non magna lacinia finibus eget nec augue. Aliquam ornare cursus dapibus. Lorem ipsum dolor sit amet, consectetur adipiscing elit.\n\nDonec ornare sem eget massa pharetra rhoncus. Donec tempor sapien at posuere porttitor. Morbi sodales efficitur felis eu scelerisque. Quisque ultrices nunc ut dignissim vehicula. Donec id imperdiet orci, sed porttitor turpis. Etiam volutpat elit sed justo lobortis, tincidunt imperdiet velit pretium. Ut convallis elit sapien, ac egestas ipsum finibus a. Morbi sed odio et dui tincidunt rhoncus tempor id turpis.\n\nProin fringilla consequat imperdiet. Ut accumsan velit ac augue sollicitudin porta. Phasellus finibus porttitor felis, a feugiat purus tempus vel. Etiam vitae vehicula ex. Praesent ut tellus tellus. Fusce felis nunc, congue ac leo in, elementum vulputate nisi. Duis diam nulla, consequat ac mauris quis, viverra gravida urna.','inactivo',4,4);
INSERT INTO `posts` (`id`,`titulo`,`fecha_publicacion`,`contenido`,`estatus`,`usuario_id`,`categoria_id`) VALUES (48,'Se mejora la conducción autónoma de vehículos','2022-05-23 00:00:00','Phasellus laoreet eros nec vestibulum varius. Nunc id efficitur lacus, non imperdiet quam. Aliquam porta, tellus at porta semper, felis velit congue mauris, eu pharetra felis sem vitae tortor. Curabitur bibendum vehicula dolor, nec accumsan tortor ultrices ac. Vivamus nec tristique orci. Nullam fringilla eros magna, vitae imperdiet nisl mattis et. Ut quis malesuada felis. Proin at dictum eros, eget sodales libero. Sed egestas tristique nisi et tempor. Ut cursus sapien eu pellentesque posuere. Etiam eleifend varius cursus.\n\nNullam viverra quam porta orci efficitur imperdiet. Quisque magna erat, dignissim nec velit sit amet, hendrerit mollis mauris. Mauris sapien magna, consectetur et vulputate a, iaculis eget nisi. Nunc est diam, aliquam quis turpis ac, porta mattis neque. Quisque consequat dolor sit amet velit commodo sagittis. Donec commodo pulvinar odio, ut gravida velit pellentesque vitae. Class aptent taciti sociosqu ad litora torquent per conubia nostra, per inceptos himenaeos.\n\nMorbi vulputate ante quis elit pretium, ut blandit felis aliquet. Aenean a massa a leo tristique malesuada. Curabitur posuere, elit sed consectetur blandit, massa mauris tristique ante, in faucibus elit justo quis nisi. Ut viverra est et arcu egestas fringilla. Mauris condimentum, lorem id viverra placerat, libero lacus ultricies est, id volutpat metus sapien non justo. Nulla facilisis, sapien ut vehicula tristique, mauris lectus porta massa, sit amet malesuada dolor justo id lectus. Suspendisse sit amet tempor ligula. Nam sit amet nisl non magna lacinia finibus eget nec augue. Aliquam ornare cursus dapibus. Lorem ipsum dolor sit amet, consectetur adipiscing elit.\n\nDonec ornare sem eget massa pharetra rhoncus. Donec tempor sapien at posuere porttitor. Morbi sodales efficitur felis eu scelerisque. Quisque ultrices nunc ut dignissim vehicula. Donec id imperdiet orci, sed porttitor turpis. Etiam volutpat elit sed justo lobortis, tincidunt imperdiet velit pretium. Ut convallis elit sapien, ac egestas ipsum finibus a. Morbi sed odio et dui tincidunt rhoncus tempor id turpis.\n\nProin fringilla consequat imperdiet. Ut accumsan velit ac augue sollicitudin porta. Phasellus finibus porttitor felis, a feugiat purus tempus vel. Etiam vitae vehicula ex. Praesent ut tellus tellus. Fusce felis nunc, congue ac leo in, elementum vulputate nisi. Duis diam nulla, consequat ac mauris quis, viverra gravida urna.','activo',1,2);
INSERT INTO `posts` (`id`,`titulo`,`fecha_publicacion`,`contenido`,`estatus`,`usuario_id`,`categoria_id`) VALUES (49,'Se descubre nueva partícula del modelo estandar','2023-01-10 00:00:00','Phasellus laoreet eros nec vestibulum varius. Nunc id efficitur lacus, non imperdiet quam. Aliquam porta, tellus at porta semper, felis velit congue mauris, eu pharetra felis sem vitae tortor. Curabitur bibendum vehicula dolor, nec accumsan tortor ultrices ac. Vivamus nec tristique orci. Nullam fringilla eros magna, vitae imperdiet nisl mattis et. Ut quis malesuada felis. Proin at dictum eros, eget sodales libero. Sed egestas tristique nisi et tempor. Ut cursus sapien eu pellentesque posuere. Etiam eleifend varius cursus.\n\nNullam viverra quam porta orci efficitur imperdiet. Quisque magna erat, dignissim nec velit sit amet, hendrerit mollis mauris. Mauris sapien magna, consectetur et vulputate a, iaculis eget nisi. Nunc est diam, aliquam quis turpis ac, porta mattis neque. Quisque consequat dolor sit amet velit commodo sagittis. Donec commodo pulvinar odio, ut gravida velit pellentesque vitae. Class aptent taciti sociosqu ad litora torquent per conubia nostra, per inceptos himenaeos.\n\nMorbi vulputate ante quis elit pretium, ut blandit felis aliquet. Aenean a massa a leo tristique malesuada. Curabitur posuere, elit sed consectetur blandit, massa mauris tristique ante, in faucibus elit justo quis nisi. Ut viverra est et arcu egestas fringilla. Mauris condimentum, lorem id viverra placerat, libero lacus ultricies est, id volutpat metus sapien non justo. Nulla facilisis, sapien ut vehicula tristique, mauris lectus porta massa, sit amet malesuada dolor justo id lectus. Suspendisse sit amet tempor ligula. Nam sit amet nisl non magna lacinia finibus eget nec augue. Aliquam ornare cursus dapibus. Lorem ipsum dolor sit amet, consectetur adipiscing elit.\n\nDonec ornare sem eget massa pharetra rhoncus. Donec tempor sapien at posuere porttitor. Morbi sodales efficitur felis eu scelerisque. Quisque ultrices nunc ut dignissim vehicula. Donec id imperdiet orci, sed porttitor turpis. Etiam volutpat elit sed justo lobortis, tincidunt imperdiet velit pretium. Ut convallis elit sapien, ac egestas ipsum finibus a. Morbi sed odio et dui tincidunt rhoncus tempor id turpis.\n\nProin fringilla consequat imperdiet. Ut accumsan velit ac augue sollicitudin porta. Phasellus finibus porttitor felis, a feugiat purus tempus vel. Etiam vitae vehicula ex. Praesent ut tellus tellus. Fusce felis nunc, congue ac leo in, elementum vulputate nisi. Duis diam nulla, consequat ac mauris quis, viverra gravida urna.','activo',2,1);
INSERT INTO `posts` (`id`,`titulo`,`fecha_publicacion`,`contenido`,`estatus`,`usuario_id`,`categoria_id`) VALUES (50,'Químicos descubren nanomaterial','2026-06-04 00:00:00','Phasellus laoreet eros nec vestibulum varius. Nunc id efficitur lacus, non imperdiet quam. Aliquam porta, tellus at porta semper, felis velit congue mauris, eu pharetra felis sem vitae tortor. Curabitur bibendum vehicula dolor, nec accumsan tortor ultrices ac. Vivamus nec tristique orci. Nullam fringilla eros magna, vitae imperdiet nisl mattis et. Ut quis malesuada felis. Proin at dictum eros, eget sodales libero. Sed egestas tristique nisi et tempor. Ut cursus sapien eu pellentesque posuere. Etiam eleifend varius cursus.\n\nNullam viverra quam porta orci efficitur imperdiet. Quisque magna erat, dignissim nec velit sit amet, hendrerit mollis mauris. Mauris sapien magna, consectetur et vulputate a, iaculis eget nisi. Nunc est diam, aliquam quis turpis ac, porta mattis neque. Quisque consequat dolor sit amet velit commodo sagittis. Donec commodo pulvinar odio, ut gravida velit pellentesque vitae. Class aptent taciti sociosqu ad litora torquent per conubia nostra, per inceptos himenaeos.\n\nMorbi vulputate ante quis elit pretium, ut blandit felis aliquet. Aenean a massa a leo tristique malesuada. Curabitur posuere, elit sed consectetur blandit, massa mauris tristique ante, in faucibus elit justo quis nisi. Ut viverra est et arcu egestas fringilla. Mauris condimentum, lorem id viverra placerat, libero lacus ultricies est, id volutpat metus sapien non justo. Nulla facilisis, sapien ut vehicula tristique, mauris lectus porta massa, sit amet malesuada dolor justo id lectus. Suspendisse sit amet tempor ligula. Nam sit amet nisl non magna lacinia finibus eget nec augue. Aliquam ornare cursus dapibus. Lorem ipsum dolor sit amet, consectetur adipiscing elit.\n\nDonec ornare sem eget massa pharetra rhoncus. Donec tempor sapien at posuere porttitor. Morbi sodales efficitur felis eu scelerisque. Quisque ultrices nunc ut dignissim vehicula. Donec id imperdiet orci, sed porttitor turpis. Etiam volutpat elit sed justo lobortis, tincidunt imperdiet velit pretium. Ut convallis elit sapien, ac egestas ipsum finibus a. Morbi sed odio et dui tincidunt rhoncus tempor id turpis.\n\nProin fringilla consequat imperdiet. Ut accumsan velit ac augue sollicitudin porta. Phasellus finibus porttitor felis, a feugiat purus tempus vel. Etiam vitae vehicula ex. Praesent ut tellus tellus. Fusce felis nunc, congue ac leo in, elementum vulputate nisi. Duis diam nulla, consequat ac mauris quis, viverra gravida urna.','activo',2,1);
INSERT INTO `posts` (`id`,`titulo`,`fecha_publicacion`,`contenido`,`estatus`,`usuario_id`,`categoria_id`) VALUES (51,'La bolsa cae estrepitosamente','2024-04-03 00:00:00','Phasellus laoreet eros nec vestibulum varius. Nunc id efficitur lacus, non imperdiet quam. Aliquam porta, tellus at porta semper, felis velit congue mauris, eu pharetra felis sem vitae tortor. Curabitur bibendum vehicula dolor, nec accumsan tortor ultrices ac. Vivamus nec tristique orci. Nullam fringilla eros magna, vitae imperdiet nisl mattis et. Ut quis malesuada felis. Proin at dictum eros, eget sodales libero. Sed egestas tristique nisi et tempor. Ut cursus sapien eu pellentesque posuere. Etiam eleifend varius cursus.\n\nNullam viverra quam porta orci efficitur imperdiet. Quisque magna erat, dignissim nec velit sit amet, hendrerit mollis mauris. Mauris sapien magna, consectetur et vulputate a, iaculis eget nisi. Nunc est diam, aliquam quis turpis ac, porta mattis neque. Quisque consequat dolor sit amet velit commodo sagittis. Donec commodo pulvinar odio, ut gravida velit pellentesque vitae. Class aptent taciti sociosqu ad litora torquent per conubia nostra, per inceptos himenaeos.\n\nMorbi vulputate ante quis elit pretium, ut blandit felis aliquet. Aenean a massa a leo tristique malesuada. Curabitur posuere, elit sed consectetur blandit, massa mauris tristique ante, in faucibus elit justo quis nisi. Ut viverra est et arcu egestas fringilla. Mauris condimentum, lorem id viverra placerat, libero lacus ultricies est, id volutpat metus sapien non justo. Nulla facilisis, sapien ut vehicula tristique, mauris lectus porta massa, sit amet malesuada dolor justo id lectus. Suspendisse sit amet tempor ligula. Nam sit amet nisl non magna lacinia finibus eget nec augue. Aliquam ornare cursus dapibus. Lorem ipsum dolor sit amet, consectetur adipiscing elit.\n\nDonec ornare sem eget massa pharetra rhoncus. Donec tempor sapien at posuere porttitor. Morbi sodales efficitur felis eu scelerisque. Quisque ultrices nunc ut dignissim vehicula. Donec id imperdiet orci, sed porttitor turpis. Etiam volutpat elit sed justo lobortis, tincidunt imperdiet velit pretium. Ut convallis elit sapien, ac egestas ipsum finibus a. Morbi sed odio et dui tincidunt rhoncus tempor id turpis.\n\nProin fringilla consequat imperdiet. Ut accumsan velit ac augue sollicitudin porta. Phasellus finibus porttitor felis, a feugiat purus tempus vel. Etiam vitae vehicula ex. Praesent ut tellus tellus. Fusce felis nunc, congue ac leo in, elementum vulputate nisi. Duis diam nulla, consequat ac mauris quis, viverra gravida urna.','activo',2,5);
INSERT INTO `posts` (`id`,`titulo`,`fecha_publicacion`,`contenido`,`estatus`,`usuario_id`,`categoria_id`) VALUES (52,'Bienes raices más baratos que nunca','2025-04-11 00:00:00','Phasellus laoreet eros nec vestibulum varius. Nunc id efficitur lacus, non imperdiet quam. Aliquam porta, tellus at porta semper, felis velit congue mauris, eu pharetra felis sem vitae tortor. Curabitur bibendum vehicula dolor, nec accumsan tortor ultrices ac. Vivamus nec tristique orci. Nullam fringilla eros magna, vitae imperdiet nisl mattis et. Ut quis malesuada felis. Proin at dictum eros, eget sodales libero. Sed egestas tristique nisi et tempor. Ut cursus sapien eu pellentesque posuere. Etiam eleifend varius cursus.\n\nNullam viverra quam porta orci efficitur imperdiet. Quisque magna erat, dignissim nec velit sit amet, hendrerit mollis mauris. Mauris sapien magna, consectetur et vulputate a, iaculis eget nisi. Nunc est diam, aliquam quis turpis ac, porta mattis neque. Quisque consequat dolor sit amet velit commodo sagittis. Donec commodo pulvinar odio, ut gravida velit pellentesque vitae. Class aptent taciti sociosqu ad litora torquent per conubia nostra, per inceptos himenaeos.\n\nMorbi vulputate ante quis elit pretium, ut blandit felis aliquet. Aenean a massa a leo tristique malesuada. Curabitur posuere, elit sed consectetur blandit, massa mauris tristique ante, in faucibus elit justo quis nisi. Ut viverra est et arcu egestas fringilla. Mauris condimentum, lorem id viverra placerat, libero lacus ultricies est, id volutpat metus sapien non justo. Nulla facilisis, sapien ut vehicula tristique, mauris lectus porta massa, sit amet malesuada dolor justo id lectus. Suspendisse sit amet tempor ligula. Nam sit amet nisl non magna lacinia finibus eget nec augue. Aliquam ornare cursus dapibus. Lorem ipsum dolor sit amet, consectetur adipiscing elit.\n\nDonec ornare sem eget massa pharetra rhoncus. Donec tempor sapien at posuere porttitor. Morbi sodales efficitur felis eu scelerisque. Quisque ultrices nunc ut dignissim vehicula. Donec id imperdiet orci, sed porttitor turpis. Etiam volutpat elit sed justo lobortis, tincidunt imperdiet velit pretium. Ut convallis elit sapien, ac egestas ipsum finibus a. Morbi sed odio et dui tincidunt rhoncus tempor id turpis.\n\nProin fringilla consequat imperdiet. Ut accumsan velit ac augue sollicitudin porta. Phasellus finibus porttitor felis, a feugiat purus tempus vel. Etiam vitae vehicula ex. Praesent ut tellus tellus. Fusce felis nunc, congue ac leo in, elementum vulputate nisi. Duis diam nulla, consequat ac mauris quis, viverra gravida urna.','inactivo',2,5);
INSERT INTO `posts` (`id`,`titulo`,`fecha_publicacion`,`contenido`,`estatus`,`usuario_id`,`categoria_id`) VALUES (53,'Se fortalece el peso frente al dolar','2021-10-09 00:00:00','Phasellus laoreet eros nec vestibulum varius. Nunc id efficitur lacus, non imperdiet quam. Aliquam porta, tellus at porta semper, felis velit congue mauris, eu pharetra felis sem vitae tortor. Curabitur bibendum vehicula dolor, nec accumsan tortor ultrices ac. Vivamus nec tristique orci. Nullam fringilla eros magna, vitae imperdiet nisl mattis et. Ut quis malesuada felis. Proin at dictum eros, eget sodales libero. Sed egestas tristique nisi et tempor. Ut cursus sapien eu pellentesque posuere. Etiam eleifend varius cursus.\n\nNullam viverra quam porta orci efficitur imperdiet. Quisque magna erat, dignissim nec velit sit amet, hendrerit mollis mauris. Mauris sapien magna, consectetur et vulputate a, iaculis eget nisi. Nunc est diam, aliquam quis turpis ac, porta mattis neque. Quisque consequat dolor sit amet velit commodo sagittis. Donec commodo pulvinar odio, ut gravida velit pellentesque vitae. Class aptent taciti sociosqu ad litora torquent per conubia nostra, per inceptos himenaeos.\n\nMorbi vulputate ante quis elit pretium, ut blandit felis aliquet. Aenean a massa a leo tristique malesuada. Curabitur posuere, elit sed consectetur blandit, massa mauris tristique ante, in faucibus elit justo quis nisi. Ut viverra est et arcu egestas fringilla. Mauris condimentum, lorem id viverra placerat, libero lacus ultricies est, id volutpat metus sapien non justo. Nulla facilisis, sapien ut vehicula tristique, mauris lectus porta massa, sit amet malesuada dolor justo id lectus. Suspendisse sit amet tempor ligula. Nam sit amet nisl non magna lacinia finibus eget nec augue. Aliquam ornare cursus dapibus. Lorem ipsum dolor sit amet, consectetur adipiscing elit.\n\nDonec ornare sem eget massa pharetra rhoncus. Donec tempor sapien at posuere porttitor. Morbi sodales efficitur felis eu scelerisque. Quisque ultrices nunc ut dignissim vehicula. Donec id imperdiet orci, sed porttitor turpis. Etiam volutpat elit sed justo lobortis, tincidunt imperdiet velit pretium. Ut convallis elit sapien, ac egestas ipsum finibus a. Morbi sed odio et dui tincidunt rhoncus tempor id turpis.\n\nProin fringilla consequat imperdiet. Ut accumsan velit ac augue sollicitudin porta. Phasellus finibus porttitor felis, a feugiat purus tempus vel. Etiam vitae vehicula ex. Praesent ut tellus tellus. Fusce felis nunc, congue ac leo in, elementum vulputate nisi. Duis diam nulla, consequat ac mauris quis, viverra gravida urna.','activo',1,5);
INSERT INTO `posts` (`id`,`titulo`,`fecha_publicacion`,`contenido`,`estatus`,`usuario_id`,`categoria_id`) VALUES (54,'Tenemos ganador de la formula e','2022-11-11 00:00:00','Phasellus laoreet eros nec vestibulum varius. Nunc id efficitur lacus, non imperdiet quam. Aliquam porta, tellus at porta semper, felis velit congue mauris, eu pharetra felis sem vitae tortor. Curabitur bibendum vehicula dolor, nec accumsan tortor ultrices ac. Vivamus nec tristique orci. Nullam fringilla eros magna, vitae imperdiet nisl mattis et. Ut quis malesuada felis. Proin at dictum eros, eget sodales libero. Sed egestas tristique nisi et tempor. Ut cursus sapien eu pellentesque posuere. Etiam eleifend varius cursus.\n\nNullam viverra quam porta orci efficitur imperdiet. Quisque magna erat, dignissim nec velit sit amet, hendrerit mollis mauris. Mauris sapien magna, consectetur et vulputate a, iaculis eget nisi. Nunc est diam, aliquam quis turpis ac, porta mattis neque. Quisque consequat dolor sit amet velit commodo sagittis. Donec commodo pulvinar odio, ut gravida velit pellentesque vitae. Class aptent taciti sociosqu ad litora torquent per conubia nostra, per inceptos himenaeos.\n\nMorbi vulputate ante quis elit pretium, ut blandit felis aliquet. Aenean a massa a leo tristique malesuada. Curabitur posuere, elit sed consectetur blandit, massa mauris tristique ante, in faucibus elit justo quis nisi. Ut viverra est et arcu egestas fringilla. Mauris condimentum, lorem id viverra placerat, libero lacus ultricies est, id volutpat metus sapien non justo. Nulla facilisis, sapien ut vehicula tristique, mauris lectus porta massa, sit amet malesuada dolor justo id lectus. Suspendisse sit amet tempor ligula. Nam sit amet nisl non magna lacinia finibus eget nec augue. Aliquam ornare cursus dapibus. Lorem ipsum dolor sit amet, consectetur adipiscing elit.\n\nDonec ornare sem eget massa pharetra rhoncus. Donec tempor sapien at posuere porttitor. Morbi sodales efficitur felis eu scelerisque. Quisque ultrices nunc ut dignissim vehicula. Donec id imperdiet orci, sed porttitor turpis. Etiam volutpat elit sed justo lobortis, tincidunt imperdiet velit pretium. Ut convallis elit sapien, ac egestas ipsum finibus a. Morbi sed odio et dui tincidunt rhoncus tempor id turpis.\n\nProin fringilla consequat imperdiet. Ut accumsan velit ac augue sollicitudin porta. Phasellus finibus porttitor felis, a feugiat purus tempus vel. Etiam vitae vehicula ex. Praesent ut tellus tellus. Fusce felis nunc, congue ac leo in, elementum vulputate nisi. Duis diam nulla, consequat ac mauris quis, viverra gravida urna.','activo',1,3);
INSERT INTO `posts` (`id`,`titulo`,`fecha_publicacion`,`contenido`,`estatus`,`usuario_id`,`categoria_id`) VALUES (55,'Ganan partido frente a visitantes','2023-12-10 00:00:00','Phasellus laoreet eros nec vestibulum varius. Nunc id efficitur lacus, non imperdiet quam. Aliquam porta, tellus at porta semper, felis velit congue mauris, eu pharetra felis sem vitae tortor. Curabitur bibendum vehicula dolor, nec accumsan tortor ultrices ac. Vivamus nec tristique orci. Nullam fringilla eros magna, vitae imperdiet nisl mattis et. Ut quis malesuada felis. Proin at dictum eros, eget sodales libero. Sed egestas tristique nisi et tempor. Ut cursus sapien eu pellentesque posuere. Etiam eleifend varius cursus.\n\nNullam viverra quam porta orci efficitur imperdiet. Quisque magna erat, dignissim nec velit sit amet, hendrerit mollis mauris. Mauris sapien magna, consectetur et vulputate a, iaculis eget nisi. Nunc est diam, aliquam quis turpis ac, porta mattis neque. Quisque consequat dolor sit amet velit commodo sagittis. Donec commodo pulvinar odio, ut gravida velit pellentesque vitae. Class aptent taciti sociosqu ad litora torquent per conubia nostra, per inceptos himenaeos.\n\nMorbi vulputate ante quis elit pretium, ut blandit felis aliquet. Aenean a massa a leo tristique malesuada. Curabitur posuere, elit sed consectetur blandit, massa mauris tristique ante, in faucibus elit justo quis nisi. Ut viverra est et arcu egestas fringilla. Mauris condimentum, lorem id viverra placerat, libero lacus ultricies est, id volutpat metus sapien non justo. Nulla facilisis, sapien ut vehicula tristique, mauris lectus porta massa, sit amet malesuada dolor justo id lectus. Suspendisse sit amet tempor ligula. Nam sit amet nisl non magna lacinia finibus eget nec augue. Aliquam ornare cursus dapibus. Lorem ipsum dolor sit amet, consectetur adipiscing elit.\n\nDonec ornare sem eget massa pharetra rhoncus. Donec tempor sapien at posuere porttitor. Morbi sodales efficitur felis eu scelerisque. Quisque ultrices nunc ut dignissim vehicula. Donec id imperdiet orci, sed porttitor turpis. Etiam volutpat elit sed justo lobortis, tincidunt imperdiet velit pretium. Ut convallis elit sapien, ac egestas ipsum finibus a. Morbi sed odio et dui tincidunt rhoncus tempor id turpis.\n\nProin fringilla consequat imperdiet. Ut accumsan velit ac augue sollicitudin porta. Phasellus finibus porttitor felis, a feugiat purus tempus vel. Etiam vitae vehicula ex. Praesent ut tellus tellus. Fusce felis nunc, congue ac leo in, elementum vulputate nisi. Duis diam nulla, consequat ac mauris quis, viverra gravida urna.','activo',2,3);
INSERT INTO `posts` (`id`,`titulo`,`fecha_publicacion`,`contenido`,`estatus`,`usuario_id`,`categoria_id`) VALUES (56,'Equipo veterano da un gran espectaculo','2023-12-01 00:00:00','Phasellus laoreet eros nec vestibulum varius. Nunc id efficitur lacus, non imperdiet quam. Aliquam porta, tellus at porta semper, felis velit congue mauris, eu pharetra felis sem vitae tortor. Curabitur bibendum vehicula dolor, nec accumsan tortor ultrices ac. Vivamus nec tristique orci. Nullam fringilla eros magna, vitae imperdiet nisl mattis et. Ut quis malesuada felis. Proin at dictum eros, eget sodales libero. Sed egestas tristique nisi et tempor. Ut cursus sapien eu pellentesque posuere. Etiam eleifend varius cursus.\n\nNullam viverra quam porta orci efficitur imperdiet. Quisque magna erat, dignissim nec velit sit amet, hendrerit mollis mauris. Mauris sapien magna, consectetur et vulputate a, iaculis eget nisi. Nunc est diam, aliquam quis turpis ac, porta mattis neque. Quisque consequat dolor sit amet velit commodo sagittis. Donec commodo pulvinar odio, ut gravida velit pellentesque vitae. Class aptent taciti sociosqu ad litora torquent per conubia nostra, per inceptos himenaeos.\n\nMorbi vulputate ante quis elit pretium, ut blandit felis aliquet. Aenean a massa a leo tristique malesuada. Curabitur posuere, elit sed consectetur blandit, massa mauris tristique ante, in faucibus elit justo quis nisi. Ut viverra est et arcu egestas fringilla. Mauris condimentum, lorem id viverra placerat, libero lacus ultricies est, id volutpat metus sapien non justo. Nulla facilisis, sapien ut vehicula tristique, mauris lectus porta massa, sit amet malesuada dolor justo id lectus. Suspendisse sit amet tempor ligula. Nam sit amet nisl non magna lacinia finibus eget nec augue. Aliquam ornare cursus dapibus. Lorem ipsum dolor sit amet, consectetur adipiscing elit.\n\nDonec ornare sem eget massa pharetra rhoncus. Donec tempor sapien at posuere porttitor. Morbi sodales efficitur felis eu scelerisque. Quisque ultrices nunc ut dignissim vehicula. Donec id imperdiet orci, sed porttitor turpis. Etiam volutpat elit sed justo lobortis, tincidunt imperdiet velit pretium. Ut convallis elit sapien, ac egestas ipsum finibus a. Morbi sed odio et dui tincidunt rhoncus tempor id turpis.\n\nProin fringilla consequat imperdiet. Ut accumsan velit ac augue sollicitudin porta. Phasellus finibus porttitor felis, a feugiat purus tempus vel. Etiam vitae vehicula ex. Praesent ut tellus tellus. Fusce felis nunc, congue ac leo in, elementum vulputate nisi. Duis diam nulla, consequat ac mauris quis, viverra gravida urna.','inactivo',2,3);
INSERT INTO `posts` (`id`,`titulo`,`fecha_publicacion`,`contenido`,`estatus`,`usuario_id`,`categoria_id`) VALUES (57,'Escándalo con el boxeador del momento','2025-03-05 00:00:00','Phasellus laoreet eros nec vestibulum varius. Nunc id efficitur lacus, non imperdiet quam. Aliquam porta, tellus at porta semper, felis velit congue mauris, eu pharetra felis sem vitae tortor. Curabitur bibendum vehicula dolor, nec accumsan tortor ultrices ac. Vivamus nec tristique orci. Nullam fringilla eros magna, vitae imperdiet nisl mattis et. Ut quis malesuada felis. Proin at dictum eros, eget sodales libero. Sed egestas tristique nisi et tempor. Ut cursus sapien eu pellentesque posuere. Etiam eleifend varius cursus.\n\nNullam viverra quam porta orci efficitur imperdiet. Quisque magna erat, dignissim nec velit sit amet, hendrerit mollis mauris. Mauris sapien magna, consectetur et vulputate a, iaculis eget nisi. Nunc est diam, aliquam quis turpis ac, porta mattis neque. Quisque consequat dolor sit amet velit commodo sagittis. Donec commodo pulvinar odio, ut gravida velit pellentesque vitae. Class aptent taciti sociosqu ad litora torquent per conubia nostra, per inceptos himenaeos.\n\nMorbi vulputate ante quis elit pretium, ut blandit felis aliquet. Aenean a massa a leo tristique malesuada. Curabitur posuere, elit sed consectetur blandit, massa mauris tristique ante, in faucibus elit justo quis nisi. Ut viverra est et arcu egestas fringilla. Mauris condimentum, lorem id viverra placerat, libero lacus ultricies est, id volutpat metus sapien non justo. Nulla facilisis, sapien ut vehicula tristique, mauris lectus porta massa, sit amet malesuada dolor justo id lectus. Suspendisse sit amet tempor ligula. Nam sit amet nisl non magna lacinia finibus eget nec augue. Aliquam ornare cursus dapibus. Lorem ipsum dolor sit amet, consectetur adipiscing elit.\n\nDonec ornare sem eget massa pharetra rhoncus. Donec tempor sapien at posuere porttitor. Morbi sodales efficitur felis eu scelerisque. Quisque ultrices nunc ut dignissim vehicula. Donec id imperdiet orci, sed porttitor turpis. Etiam volutpat elit sed justo lobortis, tincidunt imperdiet velit pretium. Ut convallis elit sapien, ac egestas ipsum finibus a. Morbi sed odio et dui tincidunt rhoncus tempor id turpis.\n\nProin fringilla consequat imperdiet. Ut accumsan velit ac augue sollicitudin porta. Phasellus finibus porttitor felis, a feugiat purus tempus vel. Etiam vitae vehicula ex. Praesent ut tellus tellus. Fusce felis nunc, congue ac leo in, elementum vulputate nisi. Duis diam nulla, consequat ac mauris quis, viverra gravida urna.','activo',4,4);
INSERT INTO `posts` (`id`,`titulo`,`fecha_publicacion`,`contenido`,`estatus`,`usuario_id`,`categoria_id`) VALUES (58,'Fuccia OS sacude al mundo','2028-10-10 00:00:00','Phasellus laoreet eros nec vestibulum varius. Nunc id efficitur lacus, non imperdiet quam. Aliquam porta, tellus at porta semper, felis velit congue mauris, eu pharetra felis sem vitae tortor. Curabitur bibendum vehicula dolor, nec accumsan tortor ultrices ac. Vivamus nec tristique orci. Nullam fringilla eros magna, vitae imperdiet nisl mattis et. Ut quis malesuada felis. Proin at dictum eros, eget sodales libero. Sed egestas tristique nisi et tempor. Ut cursus sapien eu pellentesque posuere. Etiam eleifend varius cursus.\n\nNullam viverra quam porta orci efficitur imperdiet. Quisque magna erat, dignissim nec velit sit amet, hendrerit mollis mauris. Mauris sapien magna, consectetur et vulputate a, iaculis eget nisi. Nunc est diam, aliquam quis turpis ac, porta mattis neque. Quisque consequat dolor sit amet velit commodo sagittis. Donec commodo pulvinar odio, ut gravida velit pellentesque vitae. Class aptent taciti sociosqu ad litora torquent per conubia nostra, per inceptos himenaeos.\n\nMorbi vulputate ante quis elit pretium, ut blandit felis aliquet. Aenean a massa a leo tristique malesuada. Curabitur posuere, elit sed consectetur blandit, massa mauris tristique ante, in faucibus elit justo quis nisi. Ut viverra est et arcu egestas fringilla. Mauris condimentum, lorem id viverra placerat, libero lacus ultricies est, id volutpat metus sapien non justo. Nulla facilisis, sapien ut vehicula tristique, mauris lectus porta massa, sit amet malesuada dolor justo id lectus. Suspendisse sit amet tempor ligula. Nam sit amet nisl non magna lacinia finibus eget nec augue. Aliquam ornare cursus dapibus. Lorem ipsum dolor sit amet, consectetur adipiscing elit.\n\nDonec ornare sem eget massa pharetra rhoncus. Donec tempor sapien at posuere porttitor. Morbi sodales efficitur felis eu scelerisque. Quisque ultrices nunc ut dignissim vehicula. Donec id imperdiet orci, sed porttitor turpis. Etiam volutpat elit sed justo lobortis, tincidunt imperdiet velit pretium. Ut convallis elit sapien, ac egestas ipsum finibus a. Morbi sed odio et dui tincidunt rhoncus tempor id turpis.\n\nProin fringilla consequat imperdiet. Ut accumsan velit ac augue sollicitudin porta. Phasellus finibus porttitor felis, a feugiat purus tempus vel. Etiam vitae vehicula ex. Praesent ut tellus tellus. Fusce felis nunc, congue ac leo in, elementum vulputate nisi. Duis diam nulla, consequat ac mauris quis, viverra gravida urna.','activo',1,2);
INSERT INTO `posts` (`id`,`titulo`,`fecha_publicacion`,`contenido`,`estatus`,`usuario_id`,`categoria_id`) VALUES (59,'U.S. Robotics presenta hallazgo','2029-01-10 00:00:00','Phasellus laoreet eros nec vestibulum varius. Nunc id efficitur lacus, non imperdiet quam. Aliquam porta, tellus at porta semper, felis velit congue mauris, eu pharetra felis sem vitae tortor. Curabitur bibendum vehicula dolor, nec accumsan tortor ultrices ac. Vivamus nec tristique orci. Nullam fringilla eros magna, vitae imperdiet nisl mattis et. Ut quis malesuada felis. Proin at dictum eros, eget sodales libero. Sed egestas tristique nisi et tempor. Ut cursus sapien eu pellentesque posuere. Etiam eleifend varius cursus.\n\nNullam viverra quam porta orci efficitur imperdiet. Quisque magna erat, dignissim nec velit sit amet, hendrerit mollis mauris. Mauris sapien magna, consectetur et vulputate a, iaculis eget nisi. Nunc est diam, aliquam quis turpis ac, porta mattis neque. Quisque consequat dolor sit amet velit commodo sagittis. Donec commodo pulvinar odio, ut gravida velit pellentesque vitae. Class aptent taciti sociosqu ad litora torquent per conubia nostra, per inceptos himenaeos.\n\nMorbi vulputate ante quis elit pretium, ut blandit felis aliquet. Aenean a massa a leo tristique malesuada. Curabitur posuere, elit sed consectetur blandit, massa mauris tristique ante, in faucibus elit justo quis nisi. Ut viverra est et arcu egestas fringilla. Mauris condimentum, lorem id viverra placerat, libero lacus ultricies est, id volutpat metus sapien non justo. Nulla facilisis, sapien ut vehicula tristique, mauris lectus porta massa, sit amet malesuada dolor justo id lectus. Suspendisse sit amet tempor ligula. Nam sit amet nisl non magna lacinia finibus eget nec augue. Aliquam ornare cursus dapibus. Lorem ipsum dolor sit amet, consectetur adipiscing elit.\n\nDonec ornare sem eget massa pharetra rhoncus. Donec tempor sapien at posuere porttitor. Morbi sodales efficitur felis eu scelerisque. Quisque ultrices nunc ut dignissim vehicula. Donec id imperdiet orci, sed porttitor turpis. Etiam volutpat elit sed justo lobortis, tincidunt imperdiet velit pretium. Ut convallis elit sapien, ac egestas ipsum finibus a. Morbi sed odio et dui tincidunt rhoncus tempor id turpis.\n\nProin fringilla consequat imperdiet. Ut accumsan velit ac augue sollicitudin porta. Phasellus finibus porttitor felis, a feugiat purus tempus vel. Etiam vitae vehicula ex. Praesent ut tellus tellus. Fusce felis nunc, congue ac leo in, elementum vulputate nisi. Duis diam nulla, consequat ac mauris quis, viverra gravida urna.\n','activo',1,2);
INSERT INTO `posts` (`id`,`titulo`,`fecha_publicacion`,`contenido`,`estatus`,`usuario_id`,`categoria_id`) VALUES (60,'Cierra campeonato mundial de football de manera impresionante','2023-04-10 00:00:00','Phasellus laoreet eros nec vestibulum varius. Nunc id efficitur lacus, non imperdiet quam. Aliquam porta, tellus at porta semper, felis velit congue mauris, eu pharetra felis sem vitae tortor. Curabitur bibendum vehicula dolor, nec accumsan tortor ultrices ac. Vivamus nec tristique orci. Nullam fringilla eros magna, vitae imperdiet nisl mattis et. Ut quis malesuada felis. Proin at dictum eros, eget sodales libero. Sed egestas tristique nisi et tempor. Ut cursus sapien eu pellentesque posuere. Etiam eleifend varius cursus.\n\nNullam viverra quam porta orci efficitur imperdiet. Quisque magna erat, dignissim nec velit sit amet, hendrerit mollis mauris. Mauris sapien magna, consectetur et vulputate a, iaculis eget nisi. Nunc est diam, aliquam quis turpis ac, porta mattis neque. Quisque consequat dolor sit amet velit commodo sagittis. Donec commodo pulvinar odio, ut gravida velit pellentesque vitae. Class aptent taciti sociosqu ad litora torquent per conubia nostra, per inceptos himenaeos.\n\nMorbi vulputate ante quis elit pretium, ut blandit felis aliquet. Aenean a massa a leo tristique malesuada. Curabitur posuere, elit sed consectetur blandit, massa mauris tristique ante, in faucibus elit justo quis nisi. Ut viverra est et arcu egestas fringilla. Mauris condimentum, lorem id viverra placerat, libero lacus ultricies est, id volutpat metus sapien non justo. Nulla facilisis, sapien ut vehicula tristique, mauris lectus porta massa, sit amet malesuada dolor justo id lectus. Suspendisse sit amet tempor ligula. Nam sit amet nisl non magna lacinia finibus eget nec augue. Aliquam ornare cursus dapibus. Lorem ipsum dolor sit amet, consectetur adipiscing elit.\n\nDonec ornare sem eget massa pharetra rhoncus. Donec tempor sapien at posuere porttitor. Morbi sodales efficitur felis eu scelerisque. Quisque ultrices nunc ut dignissim vehicula. Donec id imperdiet orci, sed porttitor turpis. Etiam volutpat elit sed justo lobortis, tincidunt imperdiet velit pretium. Ut convallis elit sapien, ac egestas ipsum finibus a. Morbi sed odio et dui tincidunt rhoncus tempor id turpis.\n\nProin fringilla consequat imperdiet. Ut accumsan velit ac augue sollicitudin porta. Phasellus finibus porttitor felis, a feugiat purus tempus vel. Etiam vitae vehicula ex. Praesent ut tellus tellus. Fusce felis nunc, congue ac leo in, elementum vulputate nisi. Duis diam nulla, consequat ac mauris quis, viverra gravida urna.\n','activo',2,3);
INSERT INTO `posts` (`id`,`titulo`,`fecha_publicacion`,`contenido`,`estatus`,`usuario_id`,`categoria_id`) VALUES (61,'Escándalo en el mundo de la moda','2022-04-11 00:00:00','Phasellus laoreet eros nec vestibulum varius. Nunc id efficitur lacus, non imperdiet quam. Aliquam porta, tellus at porta semper, felis velit congue mauris, eu pharetra felis sem vitae tortor. Curabitur bibendum vehicula dolor, nec accumsan tortor ultrices ac. Vivamus nec tristique orci. Nullam fringilla eros magna, vitae imperdiet nisl mattis et. Ut quis malesuada felis. Proin at dictum eros, eget sodales libero. Sed egestas tristique nisi et tempor. Ut cursus sapien eu pellentesque posuere. Etiam eleifend varius cursus.\n\nNullam viverra quam porta orci efficitur imperdiet. Quisque magna erat, dignissim nec velit sit amet, hendrerit mollis mauris. Mauris sapien magna, consectetur et vulputate a, iaculis eget nisi. Nunc est diam, aliquam quis turpis ac, porta mattis neque. Quisque consequat dolor sit amet velit commodo sagittis. Donec commodo pulvinar odio, ut gravida velit pellentesque vitae. Class aptent taciti sociosqu ad litora torquent per conubia nostra, per inceptos himenaeos.\n\nMorbi vulputate ante quis elit pretium, ut blandit felis aliquet. Aenean a massa a leo tristique malesuada. Curabitur posuere, elit sed consectetur blandit, massa mauris tristique ante, in faucibus elit justo quis nisi. Ut viverra est et arcu egestas fringilla. Mauris condimentum, lorem id viverra placerat, libero lacus ultricies est, id volutpat metus sapien non justo. Nulla facilisis, sapien ut vehicula tristique, mauris lectus porta massa, sit amet malesuada dolor justo id lectus. Suspendisse sit amet tempor ligula. Nam sit amet nisl non magna lacinia finibus eget nec augue. Aliquam ornare cursus dapibus. Lorem ipsum dolor sit amet, consectetur adipiscing elit.\n\nDonec ornare sem eget massa pharetra rhoncus. Donec tempor sapien at posuere porttitor. Morbi sodales efficitur felis eu scelerisque. Quisque ultrices nunc ut dignissim vehicula. Donec id imperdiet orci, sed porttitor turpis. Etiam volutpat elit sed justo lobortis, tincidunt imperdiet velit pretium. Ut convallis elit sapien, ac egestas ipsum finibus a. Morbi sed odio et dui tincidunt rhoncus tempor id turpis.\n\nProin fringilla consequat imperdiet. Ut accumsan velit ac augue sollicitudin porta. Phasellus finibus porttitor felis, a feugiat purus tempus vel. Etiam vitae vehicula ex. Praesent ut tellus tellus. Fusce felis nunc, congue ac leo in, elementum vulputate nisi. Duis diam nulla, consequat ac mauris quis, viverra gravida urna.\n','activo',4,4);
INSERT INTO `posts` (`id`,`titulo`,`fecha_publicacion`,`contenido`,`estatus`,`usuario_id`,`categoria_id`) VALUES (62,'Tenemos campeona del mundial de volleiball','2024-09-09 00:00:00','Phasellus laoreet eros nec vestibulum varius. Nunc id efficitur lacus, non imperdiet quam. Aliquam porta, tellus at porta semper, felis velit congue mauris, eu pharetra felis sem vitae tortor. Curabitur bibendum vehicula dolor, nec accumsan tortor ultrices ac. Vivamus nec tristique orci. Nullam fringilla eros magna, vitae imperdiet nisl mattis et. Ut quis malesuada felis. Proin at dictum eros, eget sodales libero. Sed egestas tristique nisi et tempor. Ut cursus sapien eu pellentesque posuere. Etiam eleifend varius cursus.\n\nNullam viverra quam porta orci efficitur imperdiet. Quisque magna erat, dignissim nec velit sit amet, hendrerit mollis mauris. Mauris sapien magna, consectetur et vulputate a, iaculis eget nisi. Nunc est diam, aliquam quis turpis ac, porta mattis neque. Quisque consequat dolor sit amet velit commodo sagittis. Donec commodo pulvinar odio, ut gravida velit pellentesque vitae. Class aptent taciti sociosqu ad litora torquent per conubia nostra, per inceptos himenaeos.\n\nMorbi vulputate ante quis elit pretium, ut blandit felis aliquet. Aenean a massa a leo tristique malesuada. Curabitur posuere, elit sed consectetur blandit, massa mauris tristique ante, in faucibus elit justo quis nisi. Ut viverra est et arcu egestas fringilla. Mauris condimentum, lorem id viverra placerat, libero lacus ultricies est, id volutpat metus sapien non justo. Nulla facilisis, sapien ut vehicula tristique, mauris lectus porta massa, sit amet malesuada dolor justo id lectus. Suspendisse sit amet tempor ligula. Nam sit amet nisl non magna lacinia finibus eget nec augue. Aliquam ornare cursus dapibus. Lorem ipsum dolor sit amet, consectetur adipiscing elit.\n\nDonec ornare sem eget massa pharetra rhoncus. Donec tempor sapien at posuere porttitor. Morbi sodales efficitur felis eu scelerisque. Quisque ultrices nunc ut dignissim vehicula. Donec id imperdiet orci, sed porttitor turpis. Etiam volutpat elit sed justo lobortis, tincidunt imperdiet velit pretium. Ut convallis elit sapien, ac egestas ipsum finibus a. Morbi sed odio et dui tincidunt rhoncus tempor id turpis.\n\nProin fringilla consequat imperdiet. Ut accumsan velit ac augue sollicitudin porta. Phasellus finibus porttitor felis, a feugiat purus tempus vel. Etiam vitae vehicula ex. Praesent ut tellus tellus. Fusce felis nunc, congue ac leo in, elementum vulputate nisi. Duis diam nulla, consequat ac mauris quis, viverra gravida urna.\n','inactivo',2,3);
INSERT INTO `posts` (`id`,`titulo`,`fecha_publicacion`,`contenido`,`estatus`,`usuario_id`,`categoria_id`) VALUES (63,'Se descubre la unión entre astrofísica y fisica cuántica','2022-05-03 00:00:00','Phasellus laoreet eros nec vestibulum varius. Nunc id efficitur lacus, non imperdiet quam. Aliquam porta, tellus at porta semper, felis velit congue mauris, eu pharetra felis sem vitae tortor. Curabitur bibendum vehicula dolor, nec accumsan tortor ultrices ac. Vivamus nec tristique orci. Nullam fringilla eros magna, vitae imperdiet nisl mattis et. Ut quis malesuada felis. Proin at dictum eros, eget sodales libero. Sed egestas tristique nisi et tempor. Ut cursus sapien eu pellentesque posuere. Etiam eleifend varius cursus.\n\nNullam viverra quam porta orci efficitur imperdiet. Quisque magna erat, dignissim nec velit sit amet, hendrerit mollis mauris. Mauris sapien magna, consectetur et vulputate a, iaculis eget nisi. Nunc est diam, aliquam quis turpis ac, porta mattis neque. Quisque consequat dolor sit amet velit commodo sagittis. Donec commodo pulvinar odio, ut gravida velit pellentesque vitae. Class aptent taciti sociosqu ad litora torquent per conubia nostra, per inceptos himenaeos.\n\nMorbi vulputate ante quis elit pretium, ut blandit felis aliquet. Aenean a massa a leo tristique malesuada. Curabitur posuere, elit sed consectetur blandit, massa mauris tristique ante, in faucibus elit justo quis nisi. Ut viverra est et arcu egestas fringilla. Mauris condimentum, lorem id viverra placerat, libero lacus ultricies est, id volutpat metus sapien non justo. Nulla facilisis, sapien ut vehicula tristique, mauris lectus porta massa, sit amet malesuada dolor justo id lectus. Suspendisse sit amet tempor ligula. Nam sit amet nisl non magna lacinia finibus eget nec augue. Aliquam ornare cursus dapibus. Lorem ipsum dolor sit amet, consectetur adipiscing elit.\n\nDonec ornare sem eget massa pharetra rhoncus. Donec tempor sapien at posuere porttitor. Morbi sodales efficitur felis eu scelerisque. Quisque ultrices nunc ut dignissim vehicula. Donec id imperdiet orci, sed porttitor turpis. Etiam volutpat elit sed justo lobortis, tincidunt imperdiet velit pretium. Ut convallis elit sapien, ac egestas ipsum finibus a. Morbi sed odio et dui tincidunt rhoncus tempor id turpis.\n\nProin fringilla consequat imperdiet. Ut accumsan velit ac augue sollicitudin porta. Phasellus finibus porttitor felis, a feugiat purus tempus vel. Etiam vitae vehicula ex. Praesent ut tellus tellus. Fusce felis nunc, congue ac leo in, elementum vulputate nisi. Duis diam nulla, consequat ac mauris quis, viverra gravida urna.\n','inactivo',3,1);
INSERT INTO `posts` (`id`,`titulo`,`fecha_publicacion`,`contenido`,`estatus`,`usuario_id`,`categoria_id`) VALUES (64,'El post que se quedó huérfano','2029-08-08 00:00:00','\'Phasellus laoreet eros nec vestibulum varius. Nunc id efficitur lacus, non imperdiet quam. Aliquam porta, tellus at porta semper, felis velit congue mauris, eu pharetra felis sem vitae tortor. Curabitur bibendum vehicula dolor, nec accumsan tortor ultrices ac. Vivamus nec tristique orci. Nullam fringilla eros magna, vitae imperdiet nisl mattis et. Ut quis malesuada felis. Proin at dictum eros, eget sodales libero. Sed egestas tristique nisi et tempor. Ut cursus sapien eu pellentesque posuere. Etiam eleifend varius cursus.\n\nNullam viverra quam porta orci efficitur imperdiet. Quisque magna erat, dignissim nec velit sit amet, hendrerit mollis mauris. Mauris sapien magna, consectetur et vulputate a, iaculis eget nisi. Nunc est diam, aliquam quis turpis ac, porta mattis neque. Quisque consequat dolor sit amet velit commodo sagittis. Donec commodo pulvinar odio, ut gravida velit pellentesque vitae. Class aptent taciti sociosqu ad litora torquent per conubia nostra, per inceptos himenaeos.\n\nMorbi vulputate ante quis elit pretium, ut blandit felis aliquet. Aenean a massa a leo tristique malesuada. Curabitur posuere, elit sed consectetur blandit, massa mauris tristique ante, in faucibus elit justo quis nisi. Ut viverra est et arcu egestas fringilla. Mauris condimentum, lorem id viverra placerat, libero lacus ultricies est, id volutpat metus sapien non justo. Nulla facilisis, sapien ut vehicula tristique, mauris lectus porta massa, sit amet malesuada dolor justo id lectus. Suspendisse sit amet tempor ligula. Nam sit amet nisl non magna lacinia finibus eget nec augue. Aliquam ornare cursus dapibus. Lorem ipsum dolor sit amet, consectetur adipiscing elit.\n\nDonec ornare sem eget massa pharetra rhoncus. Donec tempor sapien at posuere porttitor. Morbi sodales efficitur felis eu scelerisque. Quisque ultrices nunc ut dignissim vehicula. Donec id imperdiet orci, sed porttitor turpis. Etiam volutpat elit sed justo lobortis, tincidunt imperdiet velit pretium. Ut convallis elit sapien, ac egestas ipsum finibus a. Morbi sed odio et dui tincidunt rhoncus tempor id turpis.\n\nProin fringilla consequat imperdiet. Ut accumsan velit ac augue sollicitudin porta. Phasellus finibus porttitor felis, a feugiat purus tempus vel. Etiam vitae vehicula ex. Praesent ut tellus tellus. Fusce felis nunc, congue ac leo in, elementum vulputate nisi. Duis diam nulla, consequat ac mauris quis, viverra gravida urna.\n\'','activo',NULL,NULL);

-- Posts-etiquetas
INSERT INTO `posts_etiquetas` (`id`,`post_id`,`etiqueta_id`) VALUES (1,43,3);
INSERT INTO `posts_etiquetas` (`id`,`post_id`,`etiqueta_id`) VALUES (2,43,11);
INSERT INTO `posts_etiquetas` (`id`,`post_id`,`etiqueta_id`) VALUES (3,44,2);
INSERT INTO `posts_etiquetas` (`id`,`post_id`,`etiqueta_id`) VALUES (4,44,4);
INSERT INTO `posts_etiquetas` (`id`,`post_id`,`etiqueta_id`) VALUES (5,45,14);
INSERT INTO `posts_etiquetas` (`id`,`post_id`,`etiqueta_id`) VALUES (6,45,13);
INSERT INTO `posts_etiquetas` (`id`,`post_id`,`etiqueta_id`) VALUES (7,46,10);
INSERT INTO `posts_etiquetas` (`id`,`post_id`,`etiqueta_id`) VALUES (8,46,11);
INSERT INTO `posts_etiquetas` (`id`,`post_id`,`etiqueta_id`) VALUES (9,46,12);
INSERT INTO `posts_etiquetas` (`id`,`post_id`,`etiqueta_id`) VALUES (10,46,20);
INSERT INTO `posts_etiquetas` (`id`,`post_id`,`etiqueta_id`) VALUES (11,47,10);
INSERT INTO `posts_etiquetas` (`id`,`post_id`,`etiqueta_id`) VALUES (12,48,1);
INSERT INTO `posts_etiquetas` (`id`,`post_id`,`etiqueta_id`) VALUES (13,48,2);
INSERT INTO `posts_etiquetas` (`id`,`post_id`,`etiqueta_id`) VALUES (14,48,4);
INSERT INTO `posts_etiquetas` (`id`,`post_id`,`etiqueta_id`) VALUES (15,48,13);
INSERT INTO `posts_etiquetas` (`id`,`post_id`,`etiqueta_id`) VALUES (16,49,13);
INSERT INTO `posts_etiquetas` (`id`,`post_id`,`etiqueta_id`) VALUES (17,49,14);
INSERT INTO `posts_etiquetas` (`id`,`post_id`,`etiqueta_id`) VALUES (18,49,17);
INSERT INTO `posts_etiquetas` (`id`,`post_id`,`etiqueta_id`) VALUES (19,50,13);
INSERT INTO `posts_etiquetas` (`id`,`post_id`,`etiqueta_id`) VALUES (20,50,14);
INSERT INTO `posts_etiquetas` (`id`,`post_id`,`etiqueta_id`) VALUES (21,50,16);
INSERT INTO `posts_etiquetas` (`id`,`post_id`,`etiqueta_id`) VALUES (22,51,7);
INSERT INTO `posts_etiquetas` (`id`,`post_id`,`etiqueta_id`) VALUES (23,51,8);
INSERT INTO `posts_etiquetas` (`id`,`post_id`,`etiqueta_id`) VALUES (24,51,9);
INSERT INTO `posts_etiquetas` (`id`,`post_id`,`etiqueta_id`) VALUES (25,51,18);
INSERT INTO `posts_etiquetas` (`id`,`post_id`,`etiqueta_id`) VALUES (26,52,8);
INSERT INTO `posts_etiquetas` (`id`,`post_id`,`etiqueta_id`) VALUES (27,52,18);
INSERT INTO `posts_etiquetas` (`id`,`post_id`,`etiqueta_id`) VALUES (28,53,7);
INSERT INTO `posts_etiquetas` (`id`,`post_id`,`etiqueta_id`) VALUES (29,53,8);
INSERT INTO `posts_etiquetas` (`id`,`post_id`,`etiqueta_id`) VALUES (30,54,4);
INSERT INTO `posts_etiquetas` (`id`,`post_id`,`etiqueta_id`) VALUES (31,54,5);
INSERT INTO `posts_etiquetas` (`id`,`post_id`,`etiqueta_id`) VALUES (32,55,5);
INSERT INTO `posts_etiquetas` (`id`,`post_id`,`etiqueta_id`) VALUES (33,55,6);
INSERT INTO `posts_etiquetas` (`id`,`post_id`,`etiqueta_id`) VALUES (34,56,5);
INSERT INTO `posts_etiquetas` (`id`,`post_id`,`etiqueta_id`) VALUES (35,56,6);
INSERT INTO `posts_etiquetas` (`id`,`post_id`,`etiqueta_id`) VALUES (36,56,10);
INSERT INTO `posts_etiquetas` (`id`,`post_id`,`etiqueta_id`) VALUES (37,58,2);
INSERT INTO `posts_etiquetas` (`id`,`post_id`,`etiqueta_id`) VALUES (38,58,3);
INSERT INTO `posts_etiquetas` (`id`,`post_id`,`etiqueta_id`) VALUES (39,58,13);
INSERT INTO `posts_etiquetas` (`id`,`post_id`,`etiqueta_id`) VALUES (40,59,1);
INSERT INTO `posts_etiquetas` (`id`,`post_id`,`etiqueta_id`) VALUES (41,59,13);
INSERT INTO `posts_etiquetas` (`id`,`post_id`,`etiqueta_id`) VALUES (42,57,10);
INSERT INTO `posts_etiquetas` (`id`,`post_id`,`etiqueta_id`) VALUES (43,60,5);
INSERT INTO `posts_etiquetas` (`id`,`post_id`,`etiqueta_id`) VALUES (44,60,6);
INSERT INTO `posts_etiquetas` (`id`,`post_id`,`etiqueta_id`) VALUES (45,61,10);
INSERT INTO `posts_etiquetas` (`id`,`post_id`,`etiqueta_id`) VALUES (46,61,12);
INSERT INTO `posts_etiquetas` (`id`,`post_id`,`etiqueta_id`) VALUES (47,61,20);
INSERT INTO `posts_etiquetas` (`id`,`post_id`,`etiqueta_id`) VALUES (48,62,5);
INSERT INTO `posts_etiquetas` (`id`,`post_id`,`etiqueta_id`) VALUES (49,62,10);
INSERT INTO `posts_etiquetas` (`id`,`post_id`,`etiqueta_id`) VALUES (50,63,13);
INSERT INTO `posts_etiquetas` (`id`,`post_id`,`etiqueta_id`) VALUES (51,63,14);
INSERT INTO `posts_etiquetas` (`id`,`post_id`,`etiqueta_id`) VALUES (52,63,17);
INSERT INTO `posts_etiquetas` (`id`,`post_id`,`etiqueta_id`) VALUES (53,52,19);

-- 1º Query
SELECT	*
FROM  posts
WHERE fecha_publicacion >"2024-01-01";

-- Traer todos los campos de posts
SELECT	*
FROM   posts;

-- Traer solo los campos titulo, fecha_publicacion y estatus
SELECT	titulo, fecha_publicacion, estatus
FROM   posts;

-- Podemos ademas de traer, asignarle un alias con AS 
SELECT	titulo AS encabezado, fecha_publicacion AS publicado, estatus AS estado
FROM   posts;

-- Ademas podemos contar el numero de posts
SELECT	count(*)
FROM   posts;

-- Incluso ponerle un alias a este nuevo dato
SELECT	count(*) AS numero_posts
FROM   posts;

-- Taer todos los usuarios
SELECT	*
FROM usuarios;

-- Todos los usuarios tengan o no  un post relacionado
SELECT	*
FROM	usuarios 
	LEFT JOIN posts on usuarios.id = posts.usuario_id;

-- Todos los usuarios que no han hecho post    
SELECT	*
FROM	usuarios 
	LEFT JOIN posts on usuarios.id = posts.usuario_id
WHERE	posts.usuario_id IS NULL;

-- Todos los post esten o no asociados con un usuario
SELECT	*
FROM	usuarios 
	RIGHT JOIN posts on usuarios.id = posts.usuario_id;

 -- Los post que no estan asociados con un usuario    
SELECT	*
FROM	usuarios 
	RIGHT JOIN posts on usuarios.id = posts.usuario_id
WHERE	posts.usuario_id IS NULL;

 -- Todos los usuarios que sí hayan hecho posts, con su respectivo post
SELECT	*
FROM	usuarios 
	INNER JOIN posts on usuarios.id = posts.usuario_id;

 -- Conjunto universo UNION (algunas BD = FULL OUTER JOIN)     
SELECT	*
FROM		usuarios 
	LEFT JOIN posts   ON usuarios.id = posts.usuario_id
UNION 
SELECT	*
FROM		usuarios 
	RIGHT JOIN posts ON usuarios.id = posts.usuario_id;

 -- Los usuarios que no hayan hecho un post, junto con los post que no tiene usuario    
SELECT	*
FROM	usuarios 
	LEFT JOIN posts on usuarios.id = posts.usuario_id
WHERE	posts.usuario_id IS NULL
UNION
SELECT	*
FROM	usuarios 
	RIGHT JOIN posts on usuarios.id = posts.usuario_id
WHERE	posts.usuario_id IS NULL;

-- Traer los post donde id sea menor a 50
SELECT	*
FROM		posts
WHERE	id	< 50;

-- Taer los posts donde estatos sea inactivo
SELECT	*
FROM		posts
WHERE	estatus = 'Inactivo';

-- Traer los posts donde fecha de publicación sea mayor a 2025-01-01
SELECT	*
FROM		posts
WHERE	fecha_publicacion > '2025-01-01';
ejemplo: WHERE titulo LIKE ‘%escandalo%’ lo que hace es buscar aquellos titulos que tengan la palabra escandalo en alguna parte. Sin embargo, como los signos porcentuales indican que hay algo mas, si quitamos, por ejemplo, el del final (quedando ‘%escandalo’), estaremos buscando aquellos titulos que terminen con la palabra ‘escandalo’, ya que indicamos que despues de esta palabra no hay nada mas.

-- Traer los posts donde en el título esté la palabra escandalo
SELECT	*
FROM		posts
WHERE	titulo LIKE '%escandalo%';
ejemplo: WHERE fechaDePublicacion BETWEEN ‘2019-01-01’ AND ‘2019-01-10’ filtrara las publicaciones con fecha de publicacion entre el 1 de enero de 2019 y 10 de enero de 2019. Puede utilizarse tambien con valores numericos (y por lo tanto, por ejemplo, con los IDs).

-- Traer los posts donde fecha de publicación este entre 2023-01-01 y 2025-12-31
SELECT	*
FROM		posts
WHERE	fecha_publicacion BETWEEN '2023-01-01' AND '2025-12-31';

-- Traer los posts donde fecha de publicación este entre 2023 y 2024
SELECT	*
FROM		posts
WHERE	YEAR(fecha_publicacion) BETWEEN '2023' AND '2024';

-- Traer los posts donde fecha de publicación el mes de publicación sea 04
SELECT	*
FROM		posts
WHERE	MONTH(fecha_publicacion) = '04';

-- Traer los posts donde el usuario sean NOT NULL
SELECT	*
FROM		posts
WHERE	usuario_id IS NOT NULL;

-- Traer los posts donde el usuario sean NULL
SELECT	*
FROM		posts
WHERE	usuario_id IS NULL;

-- Podemos a esto concatenar cuantos AND necesitemos
SELECT	*
FROM		posts
WHERE	usuario_id IS NULL
	AND id < 50
	AND categoria_id =2
	AND YEAR(fecha_publicacion)='2050';
    
-- Agrupar los count por los status
SELECT	estatus, COUNT(*) AS post_number
FROM		posts
GROUP BY estatus;

-- Agrupar cuantos post se hicieron por cada año
SELECT	YEAR(fecha_publicacion) AS post_year, COUNT(*) AS post_number
FROM		posts
GROUP BY post_year;

-- Agrupar cuantos posts se hicieorn por cada mes
SELECT	MONTHNAME(fecha_publicacion) AS post_month, COUNT(*) AS post_number
FROM		posts
GROUP BY post_month;

-- Agrupar cuantos post se hicieorn por cada mes y agruparlos por estatus
SELECT	estatus, MONTHNAME(fecha_publicacion) AS post_date, COUNT(*) AS post_number
FROM		posts
GROUP BY estatus, post_date;

-- Posts ordenados por fecha de publicación de manera ascendente
SELECT	*
FROM		posts
ORDER BY fecha_publicacion ASC;

-- Posts ordenados por fecha de publicación de manera descendente
SELECT	*
FROM		posts
ORDER BY fecha_publicacion DESC;

-- Posts ordenados por titulo de manera ascendente 
SELECT	*
FROM		posts
ORDER BY titulo ASC;

-- Posts ordenados por titulo de manera descendente
SELECT	*
FROM		posts
ORDER BY titulo DESC;

-- Posts ordenados por usuario_id de manera ascendente , los 5 primeros
SELECT	*
FROM		posts
ORDER BY usuario_id ASC
LIMIT 5;

-- Cuantos posts hay por mes y estatus, ordenados por mes (ALFABETICAMENTE)
SELECT	MONTHNAME(fecha_publicacion) AS post_month, estatus, COUNT(*) AS post_quantity
FROM		posts
GROUP BY estatus, post_month
ORDER BY post_month;

-- !ERROR: WHERE NO RECONOCE POST QUANTITY PORQUE ESTE GENERA POSTERIOR AL GROUP BY Y WHERE NO FUNCIONA FUERA DE GROUP BY
SELECT	MONTHNAME(fecha_publicacion) AS post_month, estatus, COUNT(*) AS post_quantity
FROM		posts
WHERE post_quantity > 1
GROUP BY estatus, post_month
ORDER BY post_month;

-- USAMOS HAVING POSTERIOR A GROUP BY PARA OBTENER EL RESULTAOD DESEADO
SELECT	MONTHNAME(fecha_publicacion) AS post_month, estatus, COUNT(*) AS post_quantity
FROM		posts
GROUP BY estatus, post_month
HAVING post_quantity > 1
ORDER BY post_month;

 -- Ejemplo de Nested Queries donde creamos primero una new_table_proyection y luego realizamos count 
SELECT new_table_projection.date, COUNT(*) AS posts_count
FROM (
    SELECT DATE(MIN(fecha_publicacion)) AS date, YEAR(fecha_publicacion) AS post_year
    FROM posts
    GROUP BY post_year
) AS new_table_projection
GROUP BY new_table_projection.date 
ORDER BY new_table_projection.date;

-- Ejemplo de Nested Queries donde definimos un where sea la fecha maxima y traer el post de dicha fecha
SELECT *
FROM posts
WHERE fecha_publicacion = (
	SELECT MAX(fecha_publicacion)
	FROM posts
);

-- ¿Cuántos tags tienen cada post?
SELECT  posts.titulo, COUNT(*) AS num_etiquetas
FROM    posts
    INNER JOIN posts_etiquetas ON posts.id = posts_etiquetas.post_id
    INNER JOIN etiquetas ON etiquetas.id = posts_etiquetas.etiqueta_id
GROUP BY posts.id;

-- ¿Cuál es el tag que mas se repite?
SELECT  etiquetas.nombre, COUNT(*) AS ocurrencias
FROM etiquetas
    INNER JOIN posts_etiquetas ON etiquetas.id = posts_etiquetas.etiqueta_id
GROUP BY etiquetas.id
ORDER BY ocurrencias DESC;

-- Los tags que tiene un post separados por comas
SELECT  posts.titulo, GROUP_CONCAT(nombre)
FROM    posts
    INNER JOIN posts_etiquetas ON posts.id = posts_etiquetas.post_id
    INNER JOIN etiquetas ON etiquetas.id = posts_etiquetas.etiqueta_id
GROUP BY posts.id;

-- ¿Que etiqueta no tiene ningun post asociado?
SELECT	*
FROM	etiquetas 
	LEFT JOIN posts_etiquetas on etiquetas.id = posts_etiquetas.etiqueta_id
WHERE	posts_etiquetas.etiqueta_id IS NULL;

-- Las categorías ordenadas por numero de posts
SELECT c.nombre_categoria, COUNT(*) AS cant_posts
FROM    categorias AS c
    INNER JOIN posts AS p on c.id = p.categoria_id
GROUP BY c.id
ORDER BY cant_posts DESC;

-- ¿Cuál es la categoría que tiene mas posts?
SELECT c.nombre_categoria, COUNT(*) AS cant_posts
FROM    categorias AS c
    INNER JOIN posts AS p on c.id = p.categoria_id
GROUP BY c.id
ORDER BY cant_posts DESC
LIMIT 1;

-- ¿Que usuario ha contribuido con mas post?
SELECT u.nickname, COUNT(*) AS cant_posts
FROM    usuarios AS u
    INNER JOIN posts AS p on u.id = p.usuario_id
GROUP BY u.id
ORDER BY cant_posts DESC
LIMIT 1;

-- ¿De que categorías escribe cada usuario?
SELECT u.nickname, COUNT(*) AS cant_posts,  GROUP_CONCAT(nombre_categoria)
FROM    usuarios AS u
    INNER JOIN posts AS p ON u.id = p.usuario_id
    INNER JOIN categorias AS c ON c.id = p.categoria_id
GROUP BY u.id;

-- ¿Que usuario no tiene ningun post asociado?
SELECT	*
FROM	usuarios 
	LEFT JOIN posts on usuarios.id = posts.usuario_id
WHERE	posts.usuario_id IS NULL